volume	quality	tv	internet	warehouse	price	sold_num	sold_ratio	income	return_rate	unit_price
10000	33	76000	390000	75000	26	8328	0.8328	224194	1.7107355956511046	9.17
10000	28	87000	280000	20000	28	6163	0.6163	189466	1.5699202606851752	8.81
10000	26	65000	470000	65000	27	6586	0.6586	192605	1.427093013753485	8.66
10000	27	85000	370000	10000	22	9893	0.9893	218114	1.8987990443394742	8.74
10000	29	47000	400000	47000	27	6824	0.6824	198349	1.5519977281552746	8.88
10000	39	54000	220000	63000	24	9580	0.958	231940	1.9753529566881998	9.62
10000	29	69000	350000	79000	24	9063	0.9063	221672	1.8272966461837317	8.88
10000	42	41000	290000	58000	28	9063	0.9063	226455	2.0602232868478487	9.86
10000	23	72000	230000	53000	27	5762	0.5762	173458	1.5068924110278579	8.44
10000	32	74000	310000	50000	23	10000	1	230000	1.96637359831868	9.1
10000	26	89000	270000	42000	22	9875	0.9875	217791	1.993130071137792	8.66
10000	41	89000	210000	33000	23	10000	1	230000	1.9495916856941344	9.78
10000	25	83000	410000	26000	22	9647	0.9647	213750	1.8172081469832093	8.59
10000	31	87000	370000	45000	26	8061	0.8061	218331	1.7287364773783216	9.02
10000	35	69000	490000	11000	20	10000	1	200000	1.5236065566491819	9.32
10000	43	48000	480000	33000	22	10000	1	220000	1.57979871090942	9.95
10000	34	75000	180000	22000	24	8211	0.8211	205329	1.8266812119738183	9.24
10000	44	92000	330000	49000	23	10000	1	230000	1.7416260566519643	10.03
10000	27	53000	240000	11000	25	7640	0.764	201313	1.8422539369580708	8.74
10000	33	82000	310000	48000	26	8301	0.8301	223616	1.8240462119340413	9.17
10000	29	95000	230000	49000	27	6753	0.6753	196748	1.6590478672761706	8.88
10000	21	74000	290000	99000	22	9159	0.9159	204988	1.8535392585842965	8.3
10000	41	42000	250000	25000	27	8205	0.8205	230313	1.8948256570135182	9.78
10000	26	81000	350000	39000	25	7983	0.7983	208309	1.7514671976524838	8.66
10000	35	79000	370000	64000	26	8575	0.8575	229591	1.766614250570221	9.32
10000	36	44000	450000	54000	28	7002	0.7002	210132	1.5053938505068232	9.39
10000	44	47000	230000	45000	23	10000	1	230000	1.9124624275442776	10.03
10000	28	69000	180000	51000	25	6822	0.6822	184549	1.6358078779432679	8.81
10000	42	81000	210000	72000	27	7928	0.7928	224271	1.7660702362491656	9.86
10000	21	86000	460000	62000	27	5964	0.5964	177777	1.3406066340606633	8.3
10000	35	47000	310000	86000	24	9692	0.9692	234043	1.9304961196877493	9.32
10000	34	40000	180000	38000	20	10000	1	200000	1.874459025281307	9.24
10000	20	65000	420000	63000	28	4953	0.4953	159427	1.2164379538633596	8.22
10000	45	57000	460000	67000	25	10000	1	250000	1.736660798072418	10.12
10000	30	77000	370000	68000	23	9840	0.984	227036	1.8649259163444245	8.95
10000	43	61000	210000	57000	20	10000	1	200000	1.670351461557529	9.95
10000	39	43000	410000	89000	22	10000	1	220000	1.6557180131383844	9.62
10000	42	57000	220000	69000	27	7957	0.7957	224911	1.7910509716503409	9.86
10000	42	41000	290000	58000	28	7679	0.7679	226455	1.745608937625921	9.86
10000	41	42000	250000	25000	28	7484	0.7484	221855	1.7923329592026114	9.78
10000	34	71000	350000	79000	24	9734	0.9734	234845	1.8835910788230499	9.24
10000	29	75000	180000	22000	24	7553	0.7553	192137	1.7484171471508647	8.88
10000	29	68000	350000	79000	27	7059	0.7059	203651	1.6022268723479294	8.88
10000	42	81000	210000	72000	24	9925	0.9925	238570	1.965270375689263	9.86
10000	44	47000	230000	45000	23	10000	1	230000	1.9124624275442776	10.03
10000	21	74000	290000	99000	22	9159	0.9159	204988	1.8535392585842965	8.3
10000	44	69000	350000	49000	23	10000	1	230000	1.7450654495480968	10.03
10000	29	92000	330000	79000	24	9203	0.9203	224411	1.851792481433985	8.88
10000	41	89000	210000	33000	23	10000	1	230000	1.9495916856941344	9.78
10000	43	89000	210000	33000	22	10000	1	220000	1.8329645121957228	9.95
10000	41	50000	480000	33000	23	10000	1	230000	1.6779651677965168	9.78
10000	26	81000	350000	38000	25	7980	0.798	208247	1.7519597883819047	8.66
10000	35	47000	310000	86000	24	9692	0.9692	234043	1.9304961196877493	9.32
10000	34	75000	180000	48000	26	6985	0.6985	195539	1.6578796431747997	9.24
10000	34	82000	310000	22000	24	9655	0.9655	233314	1.9761409052906402	9.24
10000	45	41000	290000	58000	28	7998	0.7998	234074	1.7714157445986214	10.12
10000	33	82000	310000	48000	26	8301	0.8301	223616	1.8240462119340413	9.17
10000	27	85000	370000	10000	22	9893	0.9893	218114	1.8987990443394742	8.74
10000	30	77000	370000	68000	23	9840	0.984	227036	1.8649259163444245	8.95
10000	21	74000	290000	99000	22	9159	0.9159	204988	1.8535392585842965	8.3
10000	35	79000	370000	64000	26	8575	0.8575	229591	1.766614250570221	9.32
10000	32	73000	370000	29000	24	9364	0.9364	227630	1.8744460932791793	9.1
10000	36	77000	250000	25000	27	7885	0.7885	222825	1.85688008084436	9.39
10000	30	42000	370000	68000	23	9578	0.9578	222182	1.8583456968796366	8.95
10000	42	81000	210000	72000	27	7928	0.7928	224271	1.7660702362491656	9.86
10000	39	54000	220000	63000	24	9580	0.958	231940	1.9753529566881998	9.62
10000	39	54000	220000	63000	24	9580	0.958	231940	1.9753529566881998	9.62
10000	35	47000	310000	86000	24	9580	0.958	231940	1.908187606748812	9.32
10000	39	54000	260000	63000	24	10000	1	240000	2.01205933202235	9.62
10000	43	81000	210000	72000	27	10000	1	226743	2.207488474648627	9.95
10000	26	89000	270000	42000	22	9875	0.9875	217791	1.993130071137792	8.66
10000	36	79000	180000	22000	24	8484	0.8484	210734	1.8529271302855495	9.39
10000	35	75000	370000	64000	26	8549	0.8549	229036	1.7660300385811243	9.32
10000	43	48000	480000	33000	22	10000	1	220000	1.57979871090942	9.95
10000	41	42000	250000	25000	27	8205	0.8205	230313	1.8948256570135182	9.78
10000	35	79000	370000	64000	26	8575	0.8575	229591	1.766614250570221	9.32
10000	43	81000	210000	72000	27	8036	0.8036	226743	1.7739378634273801	9.95
10000	43	81000	210000	72000	27	8036	0.8036	226743	1.7739378634273801	9.95
10000	43	82000	210000	72000	27	8043	0.8043	226897	1.7743907541160706	9.95
10000	42	81000	230000	72000	27	8328	0.8328	233099	1.832371691211669	9.86
10000	43	81000	210000	72000	27	8036	0.8036	226743	1.7739378634273801	9.95
10000	34	80000	310000	22000	24	9642	0.9642	233062	1.975983515503186	9.24
10000	44	47000	230000	45000	23	10000	1	230000	1.9124624275442776	10.03
10000	43	81000	210000	72000	27	8036	0.8036	226743	1.7739378634273801	9.95
10000	43	81000	210000	72000	27	8036	0.8036	226743	1.7739378634273801	9.95
10000	27	85000	370000	10000	23	9306	0.9306	217071	1.8673220270271147	8.74
10000	35	47000	310000	86000	24	9692	0.9692	234043	1.9304961196877493	9.32
10000	26	89000	270000	42000	22	9875	0.9875	217791	1.993130071137792	8.66
10000	34	82000	310000	22000	24	9655	0.9655	233314	1.9761409052906402	9.24
10000	39	54000	220000	63000	24	9580	0.958	231940	1.9753529566881998	9.62
10000	43	81000	210000	70000	27	8032	0.8032	226655	1.7752344051503297	9.95
10000	43	89000	210000	33000	22	10000	1	220000	1.8329645121957228	9.95
10000	45	41000	290000	58000	28	7998	0.7998	234074	1.7714157445986214	10.12
10000	26	81000	350000	38000	25	7980	0.798	208247	1.7519597883819047	8.66
10000	43	81000	210000	72000	27	8036	0.8036	226743	1.7739378634273801	9.95
10000	36	77000	200000	25000	27	6885	0.6885	200520	1.6708777108975361	9.39
10000	42	41000	290000	58000	28	7679	0.7679	226455	1.745608937625921	9.86
10000	43	81000	210000	72000	27	8036	0.8036	226743	1.7739378634273801	9.95
10000	26	81000	350000	38000	25	7980	0.798	208247	1.7519597883819047	8.66
10000	29	75000	310000	86000	24	9116	0.9116	222709	1.8712448323601285	8.88
10000	35	47000	180000	18000	24	8116	0.8116	203563	1.8234879576934875	9.32
10000	30	42000	360000	68000	23	9578	0.9578	222182	1.870651867173361	8.95
10000	44	47000	230000	68000	23	10000	1	230000	1.886091773668987	10.03
10000	30	42000	370000	45000	23	9521	0.9521	221127	1.875424296715889	8.95
10000	42	81000	210000	72000	24	9925	0.9925	238570	1.965270375689263	9.86
10000	35	75000	370000	64000	28	7135	0.7135	213131	1.5873088888745777	9.32
10000	43	81000	210000	72000	27	8036	0.8036	226743	1.7739378634273801	9.95
10000	41	42000	250000	25000	28	7484	0.7484	221855	1.7923329592026114	9.78
10000	41	42000	250000	25000	27	8205	0.8205	230313	1.8948256570135182	9.78
10000	41	47000	230000	33000	23	10000	1	230000	1.9754598630673057	9.78
10000	44	89000	210000	45000	23	10000	1	230000	1.8872389426729128	10.03
10000	43	89000	200000	33000	22	10000	1	220000	1.8440197518187644	9.95
10000	26	89000	270000	42000	25	8038	0.8038	209445	1.843587878228363	8.66
10000	35	47000	310000	86000	24	8038	0.8038	234043	1.6010449286060586	9.32
10000	35	47000	300000	86000	24	9692	0.9692	234043	1.942975277190111	9.32
10000	43	81000	210000	72000	23	10000	1	230000	1.8804531450710527	9.95
10000	21	74000	290000	97000	27	5961	0.5961	177709	1.4824576846482733	8.3
10000	43	89000	200000	33000	22	10000	1	220000	1.8440197518187644	9.95
10000	26	89000	200000	72000	23	8363	0.8363	199437	1.8091018452838823	8.66
10000	43	81000	270000	42000	22	10000	1	220000	1.7655287185928574	9.95
10000	35	47000	300000	88000	24	9696	0.9696	234121	1.9412794649427692	9.32
10000	21	74000	290000	97000	28	5239	0.5239	166450	1.3511572568635086	8.3
10000	41	42000	370000	45000	27	8265	0.8265	231639	1.748958987626492	9.78
10000	30	42000	250000	25000	22	10000	1	220000	2.056200444135744	8.95
10000	43	81000	210000	73000	27	8039	0.8039	226809	1.7735082537410078	9.95
10000	39	54000	220000	63000	24	9580	0.958	231940	1.9753529566881998	9.62
10000	43	81000	210000	76000	27	8045	0.8045	226941	1.7715582797276126	9.95
10000	39	82000	310000	22000	24	10000	1	240000	1.9659034403310207	9.62
10000	43	89000	200000	33000	22	10000	1	220000	1.8440197518187644	9.95
10000	34	82000	310000	22000	24	9655	0.9655	233314	1.9761409052906402	9.24
10000	44	89000	210000	45000	20	10000	1	200000	1.6410773414547069	10.03
10000	26	89000	290000	42000	22	9875	0.9875	217791	1.9680445436470377	8.66
10000	21	74000	300000	97000	27	5961	0.5961	177709	1.4727617945523588	8.3
10000	27	85000	370000	10000	23	9306	0.9306	217071	1.8673220270271147	8.74
10000	44	82000	310000	22000	23	10000	1	230000	1.8069800034936934	10.03
10000	34	47000	230000	67000	24	9128	0.9128	223101	1.951259246254843	9.24
10000	41	42000	230000	46000	28	7146	0.7146	214044	1.7103632143578824	9.78
10000	44	47000	250000	24000	23	10000	1	230000	1.913609557686299	10.03
10000	26	89000	270000	42000	22	9875	0.9875	217791	1.993130071137792	8.66
10000	36	82000	310000	22000	24	9875	0.9875	217791	1.9888816734401873	9.39
10000	39	54000	220000	63000	24	9580	0.958	231940	1.9753529566881998	9.62
10000	30	42000	360000	68000	23	9578	0.9578	222182	1.870651867173361	8.95
10000	43	87000	210000	72000	27	8072	0.8072	227536	1.775313727458329	9.95
10000	45	41000	290000	58000	28	7998	0.7998	234074	1.7714157445986214	10.12
10000	45	89000	360000	68000	23	10000	1	230000	1.6738625464298347	10.12
10000	30	42000	210000	45000	23	8721	0.8721	206307	1.8971340948567048	8.95
10000	41	47000	230000	33000	26	8566	0.8566	229728	1.912897819899496	9.78
10000	26	89000	270000	42000	20	10000	1	200000	1.8348723669853535	8.66
10000	43	81000	210000	70000	27	8032	0.8032	226655	1.7752344051503297	9.95
10000	43	89000	210000	33000	22	8032	0.8032	220000	1.4722372145957021	9.95
10000	36	75000	310000	86000	24	10000	1	240000	1.9412145246769612	9.39
10000	41	47000	230000	33000	23	10000	1	230000	1.9754598630673057	9.78
10000	35	47000	300000	86000	24	9692	0.9692	234043	1.942975277190111	9.32
10000	34	82000	310000	22000	24	9655	0.9655	233314	1.9761409052906402	9.24
10000	41	81000	210000	70000	27	7813	0.7813	221645	1.7568455839649915	9.78
10000	43	42000	250000	25000	27	8424	0.8424	235289	1.9121636795585728	9.95
10000	30	42000	250000	25000	22	10000	1	220000	2.056200444135744	8.95
10000	26	89000	200000	70000	23	8358	0.8358	199344	1.8102399300895449	8.66
10000	39	75000	310000	65000	24	8358	0.8358	240000	1.605569736288697	9.62
10000	36	54000	200000	86000	24	8872	0.8872	218224	1.8707736811045548	9.39
10000	39	54000	220000	63000	24	9580	0.958	231940	1.9753529566881998	9.62
10000	39	85000	220000	63000	24	9791	0.9791	235989	1.9809981537293908	9.62
10000	27	54000	370000	10000	23	9095	0.9095	213140	1.8620812979330077	8.74
10000	36	82000	310000	22000	24	9903	0.9903	238127	1.9945206767671992	9.39
10000	36	82000	310000	22000	24	9903	0.9903	238127	1.9945206767671992	9.39
10000	39	54000	220000	72000	24	9600	0.96	232324	1.9686987243821787	9.62
10000	26	89000	200000	63000	26	6427	0.6427	182573	1.5803288977071301	8.66
10000	27	82000	370000	10000	23	9288	0.9288	216735	1.8673760624967426	8.74
10000	44	47000	290000	24000	23	10000	1	230000	1.8677472680420149	10.03
10000	36	82000	310000	22000	24	9903	0.9903	238127	1.9945206767671992	9.39
10000	39	54000	270000	42000	24	10000	1	240000	2.025779696133046	9.62
10000	26	89000	220000	61000	22	9324	0.9324	208055	1.9186337889502831	8.66
10000	26	89000	270000	42000	22	9875	0.9875	217791	1.993130071137792	8.66
10000	26	89000	270000	42000	20	10000	1	200000	1.8348723669853535	8.66
10000	26	89000	270000	42000	22	9875	0.9875	217791	1.993130071137792	8.66
10000	39	54000	220000	67000	24	9589	0.9589	232113	1.9724238569520318	9.62
10000	34	82000	310000	67000	24	9779	0.9779	235717	1.9443707723445178	9.24
10000	39	47000	230000	22000	24	9608	0.9608	232478	2.0266693519951664	9.62
10000	36	85000	310000	22000	24	9920	0.992	238456	1.994142599986867	9.39
10000	39	42000	250000	63000	24	10000	1	240000	2.039500119790242	9.62
10000	30	53000	220000	25000	22	9539	0.9539	211921	1.9836849796062248	8.95
10000	43	87000	210000	72000	27	8072	0.8072	227536	1.775313727458329	9.95
10000	43	54000	220000	63000	24	10000	1	240000	1.9935685610942322	9.95
10000	30	42000	360000	69000	23	9580	0.958	222220	1.8698137420247305	8.95
10000	45	41000	290000	58000	28	9580	0.958	234074	2.1218005017829364	10.12
10000	43	81000	210000	72000	27	8036	0.8036	226743	1.7739378634273801	9.95
10000	26	89000	200000	70000	22	8945	0.8945	201358	1.8531434639833366	8.66
10000	30	42000	190000	45000	23	8321	0.8321	198897	1.8315036153818058	8.95
10000	30	42000	210000	45000	23	8721	0.8721	206307	1.8971340948567048	8.95
10000	42	47000	210000	76000	27	7692	0.7692	219062	1.745093748829064	9.86
10000	35	81000	300000	86000	24	9937	0.9937	238782	1.9485901558872123	9.32
10000	35	47000	310000	88000	24	9696	0.9696	234121	1.9287977952208064	9.32
10000	36	82000	300000	21000	24	9899	0.9899	238050	2.007632085117434	9.39
10000	30	82000	310000	22000	23	9745	0.9745	225276	1.9733889040958597	8.95
10000	44	42000	360000	68000	23	10000	1	230000	1.7427706805564922	10.03
10000	45	41000	290000	58000	28	7998	0.7998	234074	1.7714157445986214	10.12
10000	26	82000	310000	70000	22	9904	0.9904	218304	1.9222439792616024	8.66
10000	30	89000	200000	19000	23	8775	0.8775	207307	1.8964786681162331	8.95
10000	27	82000	370000	10000	25	8038	0.8038	209524	1.7565873808033046	8.74
10000	36	82000	310000	22000	25	9264	0.9264	235056	1.9435651467034365	9.39
10000	30	53000	220000	25000	22	9539	0.9539	211921	1.9836849796062248	8.95
10000	30	53000	220000	25000	22	9539	0.9539	211921	1.9836849796062248	8.95
10000	39	47000	230000	22000	24	9608	0.9608	232478	2.0266693519951664	9.62
10000	45	41000	290000	56000	28	7993	0.7993	233959	1.7725183788694816	10.12
10000	28	53000	220000	25000	22	7993	0.7993	233959	1.688600096718206	8.81
10000	36	82000	310000	22000	26	8599	0.8599	230152	1.876211606964848	9.39
10000	40	42000	250000	63000	24	10000	1	240000	2.022681067112453	9.7
10000	42	47000	210000	76000	27	7692	0.7692	219062	1.745093748829064	9.86
10000	45	41000	290000	58000	28	7692	0.7692	234074	1.7036418882791968	10.12
10000	39	54000	220000	67000	24	9589	0.9589	232113	1.9724238569520318	9.62
10000	39	85000	220000	63000	24	9791	0.9791	235989	1.9809981537293908	9.62
10000	39	54000	220000	72000	24	9600	0.96	232324	1.9686987243821787	9.62
10000	39	54000	220000	67000	24	9589	0.9589	232113	1.9724238569520318	9.62
10000	36	85000	310000	14000	24	9893	0.9893	237934	1.998829312159919	9.39
10000	44	45000	290000	24000	23	10000	1	230000	1.8700395334324176	10.03
10000	36	87000	310000	86000	24	10000	1	240000	1.9258789407665824	9.39
10000	36	54000	200000	22000	24	8709	0.8709	215077	1.9076335185688285	9.39
10000	39	42000	250000	63000	24	10000	1	240000	2.039500119790242	9.62
10000	39	42000	250000	63000	24	10000	1	240000	2.039500119790242	9.62
10000	34	82000	310000	67000	24	9779	0.9779	235717	1.9443707723445178	9.24
10000	36	82000	310000	22000	24	9903	0.9903	238127	1.9945206767671992	9.39
10000	43	54000	220000	67000	24	10000	1	240000	1.988744469978566	9.95
10000	39	54000	220000	72000	24	9600	0.96	232324	1.9686987243821787	9.62
10000	42	41000	290000	72000	24	10000	1	240000	1.9314393027612078	9.86
10000	39	54000	220000	58000	28	6850	0.685	206952	1.6528291652062066	9.62
10000	26	89000	270000	42000	20	10000	1	200000	1.8348723669853535	8.66
10000	36	51000	200000	86000	24	8848	0.8848	217761	1.8691039718753153	9.39
10000	38	85000	220000	63000	24	9675	0.9675	233750	1.9739436644295771	9.54
10000	35	82000	310000	22000	24	9780	0.978	235745	1.9845433407119235	9.32
10000	40	54000	220000	63000	24	9694	0.9694	234140	1.982372068269723	9.7
10000	39	54000	220000	67000	24	9589	0.9589	232113	1.9724238569520318	9.62
10000	27	82000	350000	10000	23	9288	0.9288	216735	1.891819559552768	8.74
10000	28	82000	370000	10000	23	9429	0.9429	219382	1.8806622661980308	8.81
10000	36	82000	310000	20000	24	9896	0.9896	237992	1.9956401075802597	9.39
10000	26	33000	360000	68000	26	7023	0.7023	195488	1.8561423125794154	8.66
10000	42	52000	410000	9000	28	7623	0.7623	225163	1.9044358955983354	9.86
10000	43	28000	340000	72000	24	10000	1	240000	2.140703571859286	9.95
10000	21	44000	340000	81000	22	8901	0.8901	200383	2.0639999999999996	8.3
10000	33	92000	290000	28000	22	10000	1	220000	2.147218910253227	9.17
10000	38	41000	500000	83000	21	10000	1	210000	1.8523583335612501	9.54
10000	27	59000	250000	51000	23	9260	0.926	216214	2.2036213140196588	8.74
10000	25	81000	340000	80000	28	5857	0.5857	181790	1.661981251583481	8.59
10000	25	97000	410000	23000	28	5799	0.5799	180415	1.6335211267605634	8.59
10000	20	31000	240000	12000	25	6402	0.6402	174838	1.7877687796704829	8.22
10000	31	81000	320000	37000	28	6589	0.6589	199876	1.816285006366394	9.02
10000	39	68000	390000	7000	26	8812	0.8812	234826	2.098804087665145	9.62
10000	37	6000	500000	31000	21	10000	1	210000	1.9142818482130775	9.47
10000	42	24000	430000	63000	23	10000	1	230000	2.0253294348177193	9.86
10000	45	40000	470000	60000	25	10000	1	250000	2.1121544546687137	10.12
10000	35	24000	460000	32000	26	8046	0.8046	218302	1.949428505791462	9.32
10000	43	2000	480000	38000	20	10000	1	200000	1.7437187793968545	9.95
10000	40	63000	380000	100000	20	10000	1	200000	1.776804244858196	9.7
10000	37	86000	310000	6000	26	8687	0.8687	232079	2.1393688580344015	9.47
10000	35	49000	240000	40000	20	10000	1	200000	1.964055726700619	9.32
10000	25	51000	240000	97000	24	8194	0.8194	204413	2.0517057902973397	8.59
10000	42	94000	300000	60000	24	10000	1	240000	2.1517243539308692	9.86
10000	44	13000	220000	41000	20	10000	1	200000	1.8524428372729875	10.03
10000	25	99000	250000	14000	20	10000	1	200000	2.100288789708585	8.59
10000	45	72000	230000	50000	27	8538	0.8538	237924	2.0717726201445004	10.12
10000	41	98000	410000	18000	24	10000	1	240000	2.1251531900857867	9.78
10000	41	15000	410000	68000	24	10000	1	240000	2.1453984243002195	9.78
10000	25	93000	370000	26000	27	6508	0.6508	190714	1.7861855146124523	8.59
10000	23	59000	360000	65000	22	9295	0.9295	207465	2.11359173126615	8.44
10000	33	69000	410000	40000	23	9295	0.9295	207465	2.0230310498755912	9.17
10000	34	25000	380000	26000	20	10000	1	200000	1.9258657125703136	9.24
10000	23	48000	330000	72000	28	5307	0.5307	168400	1.5494890510948904	8.44
10000	31	55000	400000	55000	22	10000	1	220000	2.1219509959754523	9.02
10000	44	60000	240000	92000	23	10000	1	230000	2.0626621130552913	10.03
10000	43	95000	290000	71000	20	10000	1	200000	1.77587946723616	9.95
10000	45	10000	470000	56000	22	10000	1	220000	1.877173651912814	10.12
10000	37	63000	420000	73000	25	9396	0.9396	237760	2.1294789725263956	9.47
10000	33	12000	380000	83000	23	9709	0.9709	224641	2.1399237757223686	9.17
10000	26	7000	220000	94000	26	6205	0.6205	177762	1.7004479578392622	8.66
10000	27	59000	250000	51000	23	9260	0.926	216214	2.2036213140196588	8.74
10000	27	54000	250000	51000	23	9221	0.9221	215487	2.1971820771820774	8.74
10000	40	63000	380000	99000	20	10000	1	200000	1.7773196445360713	9.7
10000	37	86000	310000	6000	26	8687	0.8687	232079	2.1393688580344015	9.47
10000	25	94000	250000	14000	20	10000	1	200000	2.103049421661409	8.59
10000	33	12000	290000	71000	23	9684	0.9684	224181	2.196350943770585	9.17
10000	43	96000	380000	83000	20	10000	1	200000	1.7241205172361553	9.95
10000	41	15000	340000	80000	24	10000	1	240000	2.1809816401380298	9.78
10000	21	44000	410000	68000	22	8874	0.8874	199901	2.027289719626168	8.3
10000	23	59000	370000	65000	22	9295	0.9295	207465	2.1081443298969074	8.44
10000	26	33000	380000	68000	26	7023	0.7023	195488	1.84675600505689	8.66
10000	37	86000	310000	6000	22	10000	1	220000	2.083843900649806	9.47
10000	33	12000	380000	87000	23	9716	0.9716	224770	2.1390297700542997	9.17
10000	37	86000	310000	7000	26	8691	0.8691	232164	2.1397571512044657	9.47
10000	23	58000	360000	65000	22	9287	0.9287	207323	2.112318428534505	8.44
10000	40	63000	380000	100000	20	10000	1	200000	1.776804244858196	9.7
10000	41	94000	300000	60000	24	10000	1	240000	2.1693250195827596	9.78
10000	43	28000	340000	6000	26	8922	0.8922	237335	2.1075646978574984	9.95
10000	37	86000	310000	72000	24	10000	1	240000	2.231467578763312	9.47
10000	31	55000	330000	55000	22	10000	1	220000	2.1646342423780154	9.02
10000	42	94000	400000	60000	24	10000	1	240000	2.0908724632087394	9.86
10000	33	69000	410000	42000	23	10000	1	230000	2.1752182548376484	9.17
10000	27	59000	210000	51000	23	8460	0.846	201310	2.034291688447465	8.74
10000	45	59000	470000	60000	25	10000	1	250000	2.100419779205692	10.12
10000	23	40000	340000	65000	22	9139	0.9139	204691	2.0992743409031585	8.44
10000	33	12000	240000	83000	23	9509	0.9509	220958	2.1793184171785893	9.17
10000	44	60000	380000	93000	23	10000	1	230000	1.9818295099091476	10.03
10000	25	51000	240000	97000	24	8194	0.8194	204413	2.0517057902973397	8.59
10000	33	12000	380000	83000	23	9709	0.9709	224641	2.1399237757223686	9.17
10000	38	41000	500000	63000	21	10000	1	210000	1.8633650822882515	9.54
10000	42	24000	430000	83000	23	10000	1	230000	2.0136664546017506	9.86
10000	45	10000	340000	81000	22	10000	1	220000	1.9342392263043096	10.12
10000	21	44000	470000	57000	22	8848	0.8848	199437	1.995960010253781	8.3
10000	41	97000	410000	18000	24	10000	1	240000	2.12576648714679	9.78
10000	45	40000	470000	60000	25	10000	1	250000	2.1121544546687137	10.12
10000	37	94000	300000	60000	24	10000	1	240000	2.2403381517210246	9.47
10000	25	51000	380000	97000	24	8394	0.8394	208354	2.0277403120281834	8.59
10000	33	12000	240000	83000	25	8259	0.8259	214457	2.0574320739355367	9.17
10000	44	60000	240000	92000	23	10000	1	230000	2.0626621130552913	10.03
10000	45	72000	230000	50000	27	8538	0.8538	237924	2.0717726201445004	10.12
10000	37	94000	300000	60000	24	10000	1	240000	2.2403381517210246	9.47
10000	33	12000	380000	83000	23	9709	0.9709	224641	2.1399237757223686	9.17
10000	45	72000	230000	50000	27	8538	0.8538	237924	2.0717726201445004	10.12
10000	25	92000	250000	87000	23	9264	0.9264	216233	2.1994529032258066	8.59
10000	33	12000	380000	14000	20	10000	1	200000	1.9541986320609577	9.17
10000	33	12000	380000	87000	23	9716	0.9716	224770	2.1390297700542997	9.17
10000	27	54000	310000	51000	23	9221	0.9221	215487	2.1635603162458557	8.74
10000	37	86000	250000	72000	24	9221	0.9221	240000	2.0926897260869124	9.47
10000	27	59000	250000	51000	23	9260	0.926	216214	2.2036213140196588	8.74
10000	42	24000	430000	57000	22	10000	1	220000	1.9406188356286986	9.86
10000	21	44000	470000	83000	23	8319	0.8319	198313	1.9489381207028265	8.3
10000	33	12000	290000	69000	23	9680	0.968	224107	2.1966577102566354	9.17
10000	38	41000	500000	63000	21	10000	1	210000	1.8633650822882515	9.54
10000	41	94000	300000	60000	23	10000	1	230000	2.0789364771001444	9.78
10000	40	12000	380000	98000	20	10000	1	200000	1.8041238724225799	9.7
10000	33	63000	380000	87000	23	10000	1	230000	2.1695744368441248	9.17
10000	23	59000	400000	65000	22	9295	0.9295	207465	2.0919693094629155	8.44
10000	41	94000	300000	60000	24	10000	1	240000	2.1693250195827596	9.78
10000	41	97000	410000	18000	24	10000	1	240000	2.12576648714679	9.78
10000	45	10000	340000	81000	22	10000	1	220000	1.9342392263043096	10.12
10000	23	72000	340000	65000	22	9387	0.9387	209101	2.1383794977996375	8.44
10000	45	40000	230000	50000	22	10000	1	220000	1.9945651169564655	10.12
10000	27	59000	250000	51000	23	9260	0.926	216214	2.2036213140196588	8.74
10000	37	86000	310000	7000	28	7277	0.7277	216649	1.9294423617704426	9.47
10000	42	24000	430000	83000	23	10000	1	230000	2.0136664546017506	9.86
10000	42	24000	430000	83000	23	10000	1	230000	2.0136664546017506	9.86
10000	27	61000	250000	51000	23	9274	0.9274	216475	2.2058117890382625	8.74
10000	45	40000	470000	62000	25	10000	1	250000	2.110918939982705	10.12
10000	37	86000	310000	6000	26	8687	0.8687	232079	2.1393688580344015	9.47
10000	27	56000	250000	51000	23	9237	0.9237	215785	2.1998550349469324	8.74
10000	37	86000	310000	2000	26	8672	0.8672	231760	2.138055565363196	9.47
10000	23	40000	340000	65000	22	9139	0.9139	204691	2.0992743409031585	8.44
10000	25	51000	240000	97000	24	8194	0.8194	204413	2.0517057902973397	8.59
10000	33	15000	240000	83000	23	9541	0.9541	221548	2.184857651253781	9.17
10000	37	94000	470000	57000	24	10000	1	240000	2.134530080044878	9.47
10000	21	44000	300000	60000	22	8855	0.8855	199562	2.0868773433315475	8.3
10000	37	86000	310000	6000	26	8687	0.8687	232079	2.1393688580344015	9.47
10000	45	10000	340000	81000	22	10000	1	220000	1.9342392263043096	10.12
10000	27	59000	210000	51000	21	9608	0.9608	203481	2.109440669106116	8.74
10000	43	28000	340000	6000	25	9588	0.9588	241750	2.1777767127775514	9.95
10000	37	94000	300000	60000	24	10000	1	240000	2.2403381517210246	9.47
10000	27	59000	270000	87000	23	9339	0.9339	217686	2.19068842427333	8.74
10000	25	92000	250000	51000	23	9184	0.9184	214737	2.200906486064079	8.59
10000	37	94000	300000	60000	24	10000	1	240000	2.2403381517210246	9.47
10000	33	12000	380000	83000	23	9709	0.9709	224641	2.1399237757223686	9.17
10000	41	97000	410000	18000	24	10000	1	240000	2.12576648714679	9.78
10000	27	56000	250000	51000	23	9237	0.9237	215785	2.1998550349469324	8.74
10000	21	44000	300000	97000	23	8344	0.8344	198784	2.035661628215327	8.3
10000	25	50000	240000	60000	22	9310	0.931	207784	2.15827186512118	8.59
10000	27	59000	250000	51000	23	9260	0.926	216214	2.2036213140196588	8.74
10000	42	24000	430000	83000	22	10000	1	220000	1.9261157391842831	9.86
10000	27	59000	250000	51000	23	9260	0.926	216214	2.2036213140196588	8.74
10000	27	61000	250000	51000	23	9274	0.9274	216475	2.2058117890382625	8.74
10000	39	86000	310000	2000	26	8907	0.8907	236839	2.161753071844576	9.62
10000	33	12000	380000	87000	23	9716	0.9716	224770	2.1390297700542997	9.17
10000	27	54000	310000	51000	23	9221	0.9221	215487	2.1635603162458557	8.74
10000	33	12000	380000	83000	23	9709	0.9709	224641	2.1399237757223686	9.17
10000	33	12000	380000	87000	23	9716	0.9716	224770	2.1390297700542997	9.17
10000	23	59000	250000	51000	23	8674	0.8674	205098	2.1302936465563267	8.44
10000	37	84000	310000	6000	26	8676	0.8676	231845	2.13785083726624	9.47
10000	27	61000	250000	51000	23	9274	0.9274	216475	2.2058117890382625	8.74
10000	33	10000	290000	69000	23	9658	0.9658	223702	2.192876944177865	9.17
10000	27	59000	250000	51000	24	8648	0.8648	213460	2.1474599068804965	8.74
10000	41	89000	300000	60000	24	10000	1	240000	2.1723923353217605	9.78
10000	41	94000	300000	58000	24	10000	1	240000	2.1705523612329674	9.78
10000	27	59000	250000	51000	24	8648	0.8648	213460	2.1474599068804965	8.74
10000	37	94000	470000	57000	24	8648	0.8648	240000	1.8459415692228087	9.47
10000	27	56000	250000	51000	23	9237	0.9237	215785	2.1998550349469324	8.74
10000	27	61000	250000	51000	23	9237	0.9237	216475	2.197011375387797	8.74
10000	27	56000	240000	51000	23	9274	0.9274	216475	2.2143991694783285	8.74
10000	33	12000	380000	87000	20	10000	1	200000	1.9143947942025596	9.17
10000	21	44000	300000	63000	23	8276	0.8276	197503	2.037441798233877	8.3
10000	42	59000	250000	51000	23	10000	1	230000	2.116886325585667	9.86
10000	27	24000	430000	83000	23	9025	0.9025	211836	2.0502186600437318	8.74
10000	27	59000	250000	51000	23	9260	0.926	216214	2.2036213140196588	8.74
10000	23	72000	420000	83000	22	9425	0.9425	209777	2.0939156778591266	8.44
10000	42	24000	340000	65000	20	10000	1	200000	1.8057808306591823	9.86
10000	33	15000	240000	89000	23	9553	0.9553	221768	2.184011611176604	9.17
10000	37	86000	250000	72000	24	10000	1	240000	2.2694825163072725	9.47
10000	38	86000	310000	6000	26	8806	0.8806	234651	2.152762594805104	9.54
10000	37	86000	250000	72000	24	10000	1	240000	2.2694825163072725	9.47
10000	21	45000	300000	63000	23	8285	0.8285	197672	2.0391118245050825	8.3
10000	27	56000	240000	51000	23	9037	0.9037	212059	2.157809499091617	8.74
10000	41	89000	290000	69000	23	10000	1	230000	2.082464417327043	9.78
10000	33	10000	300000	60000	24	9025	0.9025	221070	2.1376557447731894	9.17
10000	27	59000	250000	51000	23	9260	0.926	216214	2.2036213140196588	8.74
10000	23	59000	270000	87000	23	8754	0.8754	206600	2.118274592319832	8.44
10000	27	59000	250000	51000	24	8648	0.8648	213460	2.1474599068804965	8.74
10000	26	56000	240000	51000	23	8894	0.8894	209351	2.1414498822297827	8.66
10000	26	56000	250000	51000	23	9094	0.9094	213085	2.183889323936309	8.66
10000	41	89000	300000	60000	24	10000	1	240000	2.1723923353217605	9.78
10000	32	10000	290000	69000	23	9528	0.9528	221292	2.1800011860002373	9.1
10000	33	12000	300000	60000	23	9659	0.9659	223720	2.1912866967649136	9.17
10000	37	94000	380000	87000	24	9659	0.9659	223720	2.0984613214308654	9.47
10000	27	61000	250000	51000	23	9274	0.9274	216475	2.2058117890382625	8.74
10000	27	59000	250000	51000	27	6651	0.6651	194212	1.8580134505949302	8.74
10000	38	86000	310000	6000	26	8806	0.8806	234651	2.152762594805104	9.54
10000	27	59000	250000	51000	23	9260	0.926	216214	2.2036213140196588	8.74
10000	27	61000	250000	51000	22	9861	0.9861	217549	2.2434539813857293	8.74
10000	25	92000	250000	48000	23	9176	0.9176	214587	2.200709071949948	8.59
10000	33	12000	300000	60000	24	9047	0.9047	221498	2.1416821470363527	9.17
10000	41	92000	380000	83000	23	10000	1	230000	2.019555219706672	9.78
10000	33	12000	250000	51000	24	9025	0.9025	221070	2.1708844901027313	9.17
10000	27	59000	380000	83000	23	9332	0.9332	217555	2.129169325585301	8.74
10000	37	86000	250000	72000	24	10000	1	240000	2.2694825163072725	9.47
10000	27	59000	270000	87000	23	9339	0.9339	217686	2.19068842427333	8.74
10000	37	86000	250000	72000	24	10000	1	240000	2.2694825163072725	9.47
10000	37	86000	250000	72000	24	10000	1	240000	2.2694825163072725	9.47
10000	27	62000	250000	51000	23	9282	0.9282	216624	2.207143964848798	8.74
10000	27	56000	240000	51000	23	9037	0.9037	212059	2.157809499091617	8.74
10000	39	86000	320000	2000	26	8907	0.8907	236839	2.155734662006204	9.62
10000	37	84000	310000	6000	26	8676	0.8676	231845	2.13785083726624	9.47
10000	25	92000	250000	51000	23	9184	0.9184	214737	2.200906486064079	8.59
10000	27	94000	310000	51000	23	9483	0.9483	220368	2.2025650088361526	8.74
10000	41	54000	310000	58000	24	10000	1	240000	2.188956941251485	9.78
10000	25	93000	250000	51000	23	9189	0.9189	214830	2.20153125	8.59
10000	37	94000	330000	60000	24	10000	1	240000	2.22133070052154	9.47
10000	27	56000	240000	83000	24	8497	0.8497	210496	2.0996447876447877	8.74
10000	33	9000	380000	51000	23	9603	0.9603	222689	2.137636264860011	9.17
10000	37	86000	250000	72000	24	10000	1	240000	2.2694825163072725	9.47
10000	37	86000	240000	51000	24	9932	0.9932	238690	2.2735578003328283	9.47
10000	39	13000	250000	88000	24	9848	0.9848	237083	2.2461582323592304	9.62
10000	43	11000	240000	82000	25	9422	0.9422	238426	2.179504973398103	9.95
10000	27	68000	400000	98000	24	8811	0.8811	216660	2.0772495088408642	8.74
10000	22	28000	450000	91000	23	8342	0.8342	198805	1.95432645785587	8.37
10000	29	65000	420000	66000	24	9007	0.9007	220577	2.102290299051787	8.88
10000	28	0	360000	79000	20	10000	1	200000	2.0135917442738487	8.81
10000	39	4000	480000	96000	20	10000	1	200000	1.8026137899954935	9.62
10000	44	57000	470000	66000	21	10000	1	210000	1.8201516793066088	10.03
10000	43	55000	430000	44000	20	10000	1	200000	1.7703031644169065	9.95
10000	28	68000	200000	0	25	7051	0.7051	189265	1.854550236717517	8.81
10000	33	82000	340000	99000	20	10000	1	200000	1.9052155275065492	9.17
10000	31	14000	240000	88000	26	7363	0.7363	203331	1.9337171717171717	9.02
10000	28	45000	500000	58000	22	9892	0.9892	218100	2.1041721053903797	8.81
10000	41	38000	430000	91000	20	10000	1	200000	1.7853157777281856	9.78
10000	26	3000	350000	66000	26	6703	0.6703	188554	1.7906807089648087	8.66
10000	44	56000	400000	83000	26	9486	0.9486	249214	2.1629993422495066	10.03
10000	26	7000	290000	93000	28	5388	0.5388	170834	1.5617391304347825	8.66
10000	37	13000	190000	95000	26	7122	0.7122	198799	1.8083203124999998	9.47
10000	21	12000	480000	37000	23	7896	0.7896	190340	1.8824358642135266	8.3
10000	23	40000	380000	60000	24	7929	0.7929	199036	1.9689187790998448	8.44
10000	37	92000	260000	17000	23	10000	1	230000	2.2078233741300695	9.47
10000	25	4000	280000	1000	24	7676	0.7676	194206	1.975062985794693	8.59
10000	45	43000	350000	83000	28	8070	0.807	235726	1.9934715483017202	10.12
10000	27	43000	480000	27000	24	8449	0.8449	209554	1.9997633136094675	8.74
10000	41	94000	440000	57000	21	10000	1	210000	1.8612896077996899	9.78
10000	39	92000	430000	3000	26	8945	0.8945	237645	2.1224731918777096	9.62
10000	23	94000	400000	98000	22	9583	0.9583	212586	2.1199195575666163	8.44
10000	28	51000	340000	89000	26	7506	0.7506	206142	1.9447533632286995	8.81
10000	34	12000	190000	61000	23	7506	0.7506	204066	1.7398639455782312	9.24
10000	29	9000	270000	72000	28	5792	0.5792	180860	1.6578175313059031	8.88
10000	44	57000	280000	69000	27	8772	0.8772	243002	2.1395121951219513	10.03
10000	39	100000	410000	22000	22	10000	1	220000	2.0045558086560367	9.62
10000	30	95000	440000	5000	28	6428	0.6428	195969	1.7431864406779662	8.95
10000	22	3000	200000	65000	21	8170	0.817	179229	1.892664092664093	8.37
10000	22	68000	220000	85000	22	8649	0.8649	195932	2.039967837041008	8.37
10000	38	12000	410000	1000	25	8841	0.8841	226553	2.080724876441516	9.54
10000	37	74000	310000	40000	24	10000	1	240000	2.2738038844149693	9.47
10000	44	47000	330000	27000	27	8580	0.858	238781	2.093628558517849	10.03
10000	37	74000	310000	40000	24	10000	1	240000	2.2738038844149693	9.47
10000	33	82000	340000	99000	20	10000	1	200000	1.9052155275065492	9.17
10000	41	82000	340000	100000	21	10000	1	210000	1.8901890189018902	9.78
10000	33	92000	440000	57000	20	10000	1	200000	1.8748535270681979	9.17
10000	45	56000	400000	83000	26	9591	0.9591	251436	2.1698150968022625	10.12
10000	44	57000	280000	69000	27	8772	0.8772	243002	2.1395121951219513	10.03
10000	21	94000	400000	98000	22	9276	0.9276	207077	2.0813054563997957	8.3
10000	29	65000	420000	66000	23	9619	0.9619	222929	2.1515876489180643	8.88
10000	39	13000	250000	88000	24	9848	0.9848	237083	2.2461582323592304	9.62
10000	29	73000	420000	66000	24	9062	0.9062	221653	2.11102159669983	8.88
10000	23	11000	240000	84000	25	10000	1	184626	2.6874496103198067	8.44
10000	35	13000	250000	88000	20	10000	1	200000	1.9564685742235266	9.32
10000	32	31000	410000	44000	24	9071	0.9071	221931	2.105963724304716	9.1
10000	37	92000	260000	17000	23	10000	1	230000	2.2078233741300695	9.47
10000	45	43000	350000	83000	28	8070	0.807	235726	1.9934715483017202	10.12
10000	22	3000	200000	68000	21	8176	0.8176	179329	1.8924882887847894	8.37
10000	23	68000	220000	85000	22	8801	0.8801	198682	2.0603564777866454	8.44
10000	37	92000	260000	17000	20	10000	1	200000	1.919846412287017	9.47
10000	44	47000	330000	44000	27	8630	0.863	239881	2.0977717758271437	10.03
10000	31	31000	410000	27000	20	10000	1	200000	1.9579050416054822	9.02
10000	37	74000	310000	40000	26	8725	0.8725	232887	2.1492183799147324	9.47
10000	44	56000	400000	84000	24	10000	1	240000	2.104340201665936	10.03
10000	31	14000	240000	88000	26	7363	0.7363	203331	1.9337171717171717	9.02
10000	39	100000	410000	22000	25	9719	0.9719	244327	2.2138952164009114	9.62
10000	38	12000	410000	1000	22	10000	1	220000	2.0710755471875735	9.54
10000	44	57000	280000	69000	27	8772	0.8772	243002	2.1395121951219513	10.03
10000	40	8000	280000	69000	27	7872	0.7872	222865	2.0018271721214975	9.7
10000	45	57000	180000	90000	23	10000	1	230000	2.0980615735461803	10.12
10000	22	28000	450000	91000	23	8342	0.8342	198805	1.95432645785587	8.37
10000	44	57000	500000	69000	27	8772	0.8772	243002	2.0382444061962133	10.03
10000	31	45000	280000	58000	22	10000	1	220000	2.1994501374656337	9.02
10000	28	68000	200000	0	25	7051	0.7051	189265	1.854550236717517	8.81
10000	28	0	350000	79000	20	10000	1	200000	2.0186727226848347	8.81
10000	27	43000	480000	27000	24	8449	0.8449	209554	1.9997633136094675	8.74
10000	31	14000	240000	88000	26	7363	0.7363	203331	1.9337171717171717	9.02
10000	23	47000	410000	98000	22	9264	0.9264	206914	2.0685917279878203	8.44
10000	44	94000	310000	27000	27	8898	0.8898	245773	2.1580597350101054	10.03
10000	44	59000	280000	69000	26	9480	0.948	249088	2.225553047404063	10.03
10000	44	61000	400000	83000	27	9480	0.948	244300	2.2423127463863337	10.03
10000	23	11000	240000	84000	25	6854	0.6854	184626	1.8419779629131954	8.44
10000	22	28000	400000	98000	22	8940	0.894	201116	2.0255406797116375	8.37
10000	21	94000	450000	91000	23	8677	0.8677	205061	2.013326607818411	8.3
10000	44	55000	280000	69000	27	8756	0.8756	242651	2.1365747853592407	10.03
10000	39	100000	410000	22000	25	9719	0.9719	244327	2.2138952164009114	9.62
10000	39	13000	250000	88000	24	9848	0.9848	237083	2.2461582323592304	9.62
10000	40	74000	310000	40000	24	10000	1	240000	2.2253129346314324	9.7
10000	44	56000	400000	84000	24	10000	1	240000	2.104340201665936	10.03
10000	38	12000	410000	1000	22	10000	1	220000	2.0710755471875735	9.54
10000	28	68000	200000	0	25	7051	0.7051	189265	1.854550236717517	8.81
10000	39	13000	250000	88000	24	9848	0.9848	237083	2.2461582323592304	9.62
10000	39	100000	410000	22000	25	9719	0.9719	244327	2.2138952164009114	9.62
10000	44	94000	310000	27000	27	8898	0.8898	245773	2.1580597350101054	10.03
10000	44	56000	400000	84000	24	10000	1	240000	2.104340201665936	10.03
10000	44	94000	310000	25000	27	8892	0.8892	245641	2.1575735789710175	10.03
10000	44	59000	230000	69000	26	9080	0.908	240694	2.155981735159817	10.03
10000	39	13000	250000	88000	24	9080	0.908	237083	2.070990734141126	9.62
10000	44	57000	500000	69000	27	8772	0.8772	243002	2.0382444061962133	10.03
10000	37	74000	310000	40000	24	10000	1	240000	2.2738038844149693	9.47
10000	39	13000	250000	88000	24	9848	0.9848	237083	2.2461582323592304	9.62
10000	44	94000	310000	27000	27	8898	0.8898	245773	2.1580597350101054	10.03
10000	20	47000	410000	98000	22	8800	0.88	198532	2.00986244484817	8.22
10000	45	94000	310000	27000	27	9003	0.9003	248126	2.166014702606371	10.12
10000	37	74000	310000	40000	26	8725	0.8725	232887	2.1492183799147324	9.47
10000	44	57000	280000	69000	27	8772	0.8772	243002	2.1395121951219513	10.03
10000	39	100000	410000	22000	25	9719	0.9719	244327	2.2138952164009114	9.62
10000	43	40000	380000	60000	24	10000	1	240000	2.1476510067114094	9.95
10000	44	56000	400000	84000	24	10000	1	240000	2.104340201665936	10.03
10000	44	56000	400000	83000	27	10000	1	243464	2.367901775926332	10.03
10000	45	57000	280000	69000	26	8793	0.8793	243464	2.048548387096774	10.12
10000	37	74000	310000	40000	24	10000	1	240000	2.2738038844149693	9.47
10000	44	94000	270000	69000	26	9704	0.9704	253788	2.2653557800224466	10.03
10000	21	59000	400000	98000	22	9052	0.9052	203078	2.0493336763570875	8.3
10000	37	74000	310000	40000	24	10000	1	240000	2.2738038844149693	9.47
10000	39	74000	310000	88000	24	10000	1	240000	2.2170900692840645	9.62
10000	37	13000	250000	40000	24	9501	0.9501	230387	2.2240819312362836	9.47
10000	40	8000	270000	98000	27	7928	0.7928	224105	2.0070886075949366	9.7
10000	21	94000	400000	69000	22	9220	0.922	206077	2.084151040328795	8.3
10000	45	57000	180000	27000	24	9361	0.9361	227897	2.0792596020360943	10.12
10000	39	100000	410000	22000	25	9719	0.9719	244327	2.2138952164009114	9.62
10000	44	59000	230000	69000	26	9080	0.908	240694	2.155981735159817	10.03
10000	43	40000	400000	60000	24	9080	0.908	240694	1.941380846325167	9.95
10000	21	94000	450000	91000	23	8677	0.8677	205061	2.013326607818411	8.3
10000	45	94000	310000	27000	27	8677	0.8677	248126	2.087582980619292	10.12
10000	37	74000	310000	40000	24	10000	1	240000	2.2738038844149693	9.47
10000	45	57000	180000	27000	24	9361	0.9361	227897	2.0792596020360943	10.12
10000	43	40000	380000	60000	24	10000	1	240000	2.1476510067114094	9.95
10000	37	15000	250000	40000	24	10000	1	240000	2.3397514014135994	9.47
10000	45	94000	310000	27000	27	9003	0.9003	248126	2.166014702606371	10.12
10000	37	13000	230000	40000	24	9101	0.9101	222681	2.1408870374908107	9.47
10000	42	74000	310000	27000	27	9101	0.9101	238330	2.2517938144329896	9.86
10000	37	96000	310000	40000	24	10000	1	240000	2.2620169651272386	9.47
10000	37	74000	350000	40000	24	10000	1	240000	2.252463632097607	9.47
10000	39	14000	250000	88000	24	9859	0.9859	237294	2.2481330166270785	9.62
10000	41	13000	250000	88000	24	10000	1	240000	2.246665106482565	9.78
10000	39	13000	250000	88000	24	9848	0.9848	237083	2.2461582323592304	9.62
10000	44	94000	270000	69000	25	10000	1	250000	2.244668911335578	10.03
10000	39	74000	310000	88000	24	10000	1	240000	2.2170900692840645	9.62
10000	39	13000	250000	88000	24	9848	0.9848	237083	2.2461582323592304	9.62
10000	44	56000	400000	84000	24	10000	1	240000	2.104340201665936	10.03
10000	44	57000	280000	72000	27	8778	0.8778	243134	2.1395260663507107	10.03
10000	39	13000	250000	88000	24	9848	0.9848	237083	2.2461582323592304	9.62
10000	37	74000	250000	88000	23	10000	1	230000	2.1852731591448933	9.47
10000	41	13000	310000	40000	24	9964	0.9964	239312	2.2323080513418905	9.78
10000	45	57000	280000	69000	26	9569	0.9569	250975	2.229336917562724	10.12
10000	39	100000	410000	22000	26	9054	0.9054	239954	2.144911161731207	9.62
10000	41	40000	380000	60000	24	10000	1	240000	2.1808268968650615	9.78
10000	43	74000	310000	40000	24	10000	1	240000	2.1748980516538285	9.95
10000	39	13000	260000	88000	24	9848	0.9848	237083	2.24083432092913	9.62
10000	42	56000	400000	84000	24	10000	1	240000	2.1361815754339117	9.86
10000	44	94000	310000	25000	27	8892	0.8892	245641	2.1575735789710175	10.03
10000	44	59000	230000	67000	26	9076	0.9076	240610	2.156016445865692	10.03
10000	45	13000	230000	69000	26	8763	0.8763	234097	2.0854736842105264	10.12
10000	39	59000	250000	88000	24	10000	1	240000	2.154882154882155	10.12
10000	44	13000	250000	88000	24	10000	1	240000	2.195289275097187	10.03
10000	39	56000	400000	84000	24	10000	1	240000	2.1828103683492497	9.62
10000	39	100000	410000	22000	25	9719	0.9719	244327	2.2138952164009114	9.62
10000	37	15000	250000	40000	24	9523	0.9523	230811	2.228145259566171	9.47
10000	44	94000	270000	69000	25	10000	1	250000	2.244668911335578	10.03
10000	37	15000	250000	40000	24	9523	0.9523	230811	2.228145259566171	9.47
10000	39	13000	420000	83000	27	7842	0.7842	222114	1.9362962962962964	9.62
10000	44	56000	250000	88000	24	10000	1	240000	2.1739130434782608	10.03
10000	39	13000	250000	88000	24	9848	0.9848	237083	2.2461582323592304	9.62
10000	44	94000	310000	25000	27	8892	0.8892	245641	2.1575735789710175	10.03
10000	39	100000	380000	22000	25	9719	0.9719	244327	2.2291284403669724	9.62
10000	39	19000	250000	88000	24	9719	0.9719	238311	2.2135800711743774	9.62
10000	39	100000	410000	20000	25	9912	0.9912	238311	2.258887876025524	9.62
10000	45	57000	280000	69000	26	9569	0.9569	250975	2.229336917562724	10.12
10000	39	56000	380000	84000	24	10000	1	240000	2.1927820922795798	9.62
10000	39	73000	310000	88000	24	10000	1	240000	2.2176022176022174	9.62
10000	45	57000	280000	69000	26	9569	0.9569	250975	2.229336917562724	10.12
10000	37	13000	230000	40000	26	7798	0.7798	213174	1.987238421955403	9.47
10000	39	100000	410000	22000	27	8360	0.836	233608	2.056674259681093	9.62
10000	44	57000	280000	69000	25	10000	1	250000	2.2583559168925023	10.03
10000	45	94000	270000	69000	26	9808	0.9808	255980	2.2712803384546874	10.12
10000	42	74000	310000	27000	27	8565	0.8565	238330	2.1191752577319587	9.86
10000	45	94000	380000	60000	24	8565	0.8565	238330	1.7905923344947736	10.12
10000	41	40000	310000	27000	27	8194	0.8194	230069	2.058506629448709	9.78
10000	39	13000	250000	40000	24	8194	0.8194	234953	1.8904686373467918	9.62
10000	37	75000	310000	88000	24	10000	1	240000	2.2477171622570826	9.47
10000	39	13000	380000	22000	25	10000	1	240000	2.340276152586005	9.62
10000	41	100000	250000	88000	24	10000	1	240000	2.2018348623853212	9.78
10000	45	13000	250000	88000	24	10000	1	240000	2.1773644817418916	10.12
10000	41	13000	250000	88000	24	10000	1	240000	2.246665106482565	9.78
10000	39	14000	250000	93000	24	9868	0.9868	237467	2.2475160142348756	9.62
10000	37	74000	350000	40000	24	10000	1	240000	2.252463632097607	9.47
10000	39	100000	410000	22000	25	10000	1	240000	2.277904328018223	9.62
10000	44	59000	230000	67000	24	10000	1	240000	2.1927820922795798	10.03
10000	39	13000	250000	88000	24	9848	0.9848	237083	2.2461582323592304	9.62
10000	37	74000	370000	40000	24	10000	1	240000	2.241943017281644	9.47
10000	41	40000	380000	60000	24	10000	1	240000	2.1808268968650615	9.78
10000	37	96000	310000	40000	20	10000	1	200000	1.885014137606032	9.47
10000	42	74000	310000	27000	27	8565	0.8565	238330	2.1191752577319587	9.86
10000	37	15000	250000	40000	24	8565	0.8565	238330	2.003997075310748	9.47
10000	42	74000	270000	27000	27	9523	0.9523	238330	2.3779976878612716	9.86
10000	44	94000	310000	69000	25	10000	1	250000	2.2246941045606228	10.03
10000	42	56000	380000	27000	27	8565	0.8565	238330	2.0942268508037127	9.86
10000	39	74000	270000	84000	24	10000	1	240000	2.2398506766215585	9.62
10000	41	40000	290000	69000	24	10000	1	240000	2.22170793797732	9.78
10000	45	57000	380000	60000	26	10000	1	250556	2.283205268935236	10.12
10000	39	14000	250000	93000	24	9868	0.9868	237467	2.2475160142348756	9.62
10000	44	94000	310000	27000	27	8898	0.8898	245773	2.1580597350101054	10.03
10000	41	36000	310000	25000	27	8152	0.8152	229141	2.050817610062893	9.78
10000	37	74000	370000	40000	24	10000	1	240000	2.241943017281644	9.47
10000	44	94000	270000	69000	25	10000	1	240000	2.244668911335578	10.03
10000	39	13000	380000	22000	25	9043	0.9043	230678	2.1163117247835244	9.62
10000	39	14000	250000	93000	24	9043	0.9043	237467	2.0596156583629894	9.62
10000	39	13000	380000	22000	25	9043	0.9043	230678	2.1163117247835244	9.62
10000	45	13000	250000	88000	24	10000	1	240000	2.1773644817418916	10.12
10000	39	14000	250000	93000	24	9868	0.9868	237467	2.2475160142348756	9.62
10000	41	40000	340000	27000	27	9868	0.9868	230069	2.4618711018711017	9.78
10000	39	13000	250000	88000	24	9848	0.9848	237083	2.2461582323592304	9.62
10000	45	13000	250000	88000	24	9848	0.9848	240000	2.144268541619415	10.12
10000	37	74000	350000	40000	24	10000	1	240000	2.252463632097607	9.47
10000	39	15000	250000	88000	24	10000	1	240000	2.279743528853004	9.62
10000	39	13000	420000	83000	27	7842	0.7842	222114	1.9362962962962964	9.62
10000	37	74000	350000	39000	25	7842	0.7842	237578	1.8404130485801455	9.47
10000	44	94000	310000	69000	24	10000	1	240000	2.135706340378198	10.03
10000	41	100000	250000	88000	24	10000	1	240000	2.2018348623853212	9.78
10000	45	57000	280000	69000	26	9569	0.9569	250975	2.229336917562724	10.12
10000	39	73000	310000	82000	24	9569	0.9569	250975	2.124968771686329	9.62
10000	44	94000	270000	69000	25	10000	1	250000	2.244668911335578	10.03
10000	39	100000	410000	69000	25	9847	0.9847	246911	2.2192923146270003	9.62
10000	41	57000	280000	20000	25	9847	0.9847	246911	2.3012386071512037	9.78
10000	37	15000	270000	40000	24	9670	0.967	243364	2.2515643948581125	9.47
10000	39	11000	420000	83000	27	10000	1	221626	2.4702653247941444	9.62
10000	37	15000	250000	40000	24	7820	0.782	230811	1.8296855959054348	9.47
10000	39	19000	250000	84000	24	9523	0.9523	230811	2.1709997625267157	9.62
10000	37	74000	370000	40000	24	9905	0.9905	238177	2.2206445586174683	9.47
10000	44	59000	230000	67000	24	10000	1	240000	2.1927820922795798	10.03
10000	43	39000	400000	60000	24	10000	1	240000	2.1385609267097347	9.95
10000	32	73000	310000	88000	24	9508	0.9508	230431	2.2149187090512013	9.1
10000	42	76000	310000	40000	24	9508	0.9508	230431	2.083945205479452	9.86
10000	41	100000	250000	84000	24	7487	0.7487	214048	1.6500275482093665	9.78
10000	39	19000	250000	88000	24	10000	1	238311	2.2775800711743774	9.62
10000	37	40000	340000	27000	27	9912	0.9912	219503	2.545769322235434	9.47
10000	37	15000	270000	40000	24	7732	0.7732	219503	1.8003201552267765	9.47
10000	39	15000	250000	88000	26	9523	0.9523	230811	2.351916409403942	9.62
10000	45	57000	380000	60000	24	8566	0.8566	229614	1.8053479692645444	10.12
10000	37	15000	270000	40000	24	10000	1	230811	2.328401649284501	9.47
10000	44	94000	270000	63000	24	9523	0.9523	230811	2.0548617666891436	10.03
10000	37	74000	350000	40000	25	10000	1	240000	2.346316283435007	9.47
10000	44	94000	310000	69000	24	10000	1	240000	2.135706340378198	10.03
10000	39	11000	420000	83000	24	10000	1	240000	2.1957913998170175	9.62
10000	37	15000	270000	40000	27	9817	0.9817	236488	2.5715158864904195	9.47
10000	45	59000	230000	67000	24	7526	0.7526	214916	1.6368282736746715	10.12
10000	37	74000	350000	40000	24	10000	1	240000	2.252463632097607	9.47
10000	39	11000	410000	83000	27	10000	1	240000	2.4759284731774414	9.62
